[{"model": "automation.playbookpublished", "pk": null, "fields": {"description": "<p>POV Use Case for Phishing response and remediation of compromised user credentials</p>", "name": "Phish Reports - Compromised User", "is_deleted": false, "kill_on_error": false, "last_updated": "2023-08-21T18:33:37.387", "links": [{"z": 20, "id": "d555fa44-75d9-4da4-aee4-c0d8c3eb0c71", "type": "link", "attrs": {".marker-target": {"d": "M 10 0 L 0 5 L 10 10 z"}}, "router": {"name": "manhattan"}, "source": {"id": "9bac845c-b867-4b9b-844b-61abfadab2dd", "port": "out"}, "target": {"id": "bbcf12c7-3d5f-4b58-808a-62c2186cbbb7", "port": "in"}, "connector": {"args": {"type": "gap"}, "name": "jumpover"}}, {"z": 23, "id": "9b6aa456-a7ab-4e87-8dc0-427b445bf9d0", "type": "link", "attrs": {".marker-target": {"d": "M 10 0 L 0 5 L 10 10 z"}}, "router": {"name": "manhattan"}, "source": {"id": "31526872-5c84-462f-bbac-7250078b10be", "port": "out"}, "target": {"id": "4999981c-f37c-4bb5-b290-b65ed130e51f", "port": "in"}, "vertices": [], "connector": {"args": {"type": "gap"}, "name": "jumpover"}}, {"z": 25, "id": "f96dff2b-c70c-48fe-bbae-eed12be9cd9f", "type": "link", "attrs": {".marker-target": {"d": "M 10 0 L 0 5 L 10 10 z"}}, "router": {"name": "manhattan"}, "source": {"id": "4999981c-f37c-4bb5-b290-b65ed130e51f", "port": "out"}, "target": {"id": "74261216-de8d-46de-aed0-282f2213b6f8", "port": "in"}, "vertices": [{"x": 2178, "y": 162}], "connector": {"args": {"type": "gap"}, "name": "jumpover"}}, {"z": 26, "id": "0b038acc-439d-4356-ae57-7263ef594f61", "type": "link", "attrs": {".marker-target": {"d": "M 10 0 L 0 5 L 10 10 z"}}, "router": {"name": "manhattan"}, "source": {"id": "74261216-de8d-46de-aed0-282f2213b6f8", "port": "out"}, "target": {"id": "418909bb-184e-4452-aa06-447272d17d42", "port": "in"}, "connector": {"args": {"type": "gap"}, "name": "jumpover"}}, {"z": 27, "id": "ab13d737-3a29-4439-82e6-5a33eb2c55d1", "type": "link", "attrs": {".marker-target": {"d": "M 10 0 L 0 5 L 10 10 z"}}, "router": {"name": "manhattan"}, "source": {"id": "418909bb-184e-4452-aa06-447272d17d42", "port": "out"}, "target": {"id": "72db7d58-65d1-4f85-accc-e12877aaafef", "port": "in"}, "connector": {"args": {"type": "gap"}, "name": "jumpover"}}, {"z": 48, "id": "f157783c-0e2b-44ff-b48b-43dfaed4a53e", "type": "link", "attrs": {".marker-target": {"d": "M 10 0 L 0 5 L 10 10 z"}}, "router": {"name": "manhattan"}, "source": {"id": "21b46d23-9e7f-4b64-b81b-971819c33a3e", "port": "out"}, "target": {"id": "6dc7fc1a-baa8-47c0-9996-aaa072213441", "port": "in"}, "connector": {"args": {"type": "gap"}, "name": "jumpover"}}, {"z": 51, "id": "db7fad2c-1b18-4483-b78a-f634bf28f09c", "type": "link", "attrs": {".marker-target": {"d": "M 10 0 L 0 5 L 10 10 z"}}, "router": {"name": "manhattan"}, "source": {"id": "6dc7fc1a-baa8-47c0-9996-aaa072213441", "port": "failure"}, "target": {"id": "a3e685af-7a0a-4f79-9cae-eb5d20f356f3", "port": "in"}, "vertices": [], "connector": {"args": {"type": "gap"}, "name": "jumpover"}}, {"z": 53, "id": "ae49e1da-d7ae-4ca7-9576-040bb41a2f99", "type": "link", "attrs": {".marker-target": {"d": "M 10 0 L 0 5 L 10 10 z"}}, "router": {"name": "manhattan"}, "source": {"id": "a3e685af-7a0a-4f79-9cae-eb5d20f356f3", "port": "out"}, "target": {"id": "0f4b97f5-ed1e-410b-b926-3f2f8144ad01", "port": "in"}, "connector": {"args": {"type": "gap"}, "name": "jumpover"}}, {"z": 54, "id": "45a0d857-57a7-4958-82d4-c24c11fe5839", "type": "link", "attrs": {".marker-target": {"d": "M 10 0 L 0 5 L 10 10 z"}}, "router": {"name": "manhattan"}, "source": {"id": "0f4b97f5-ed1e-410b-b926-3f2f8144ad01", "port": "yes"}, "target": {"id": "aeb68ca6-7738-407a-9202-bb1c7c52735e", "port": "in"}, "vertices": [], "connector": {"args": {"type": "gap"}, "name": "jumpover"}}, {"z": 55, "id": "e367db81-f463-4947-96b0-62adec47e432", "type": "link", "attrs": {".marker-target": {"d": "M 10 0 L 0 5 L 10 10 z"}}, "router": {"name": "manhattan"}, "source": {"id": "0f4b97f5-ed1e-410b-b926-3f2f8144ad01", "port": "no"}, "target": {"id": "72db7d58-65d1-4f85-accc-e12877aaafef", "port": "in"}, "connector": {"args": {"type": "gap"}, "name": "jumpover"}}, {"z": 60, "id": "5e5ed29c-9ea4-458b-863d-0e5218a779fc", "type": "link", "attrs": {".marker-target": {"d": "M 10 0 L 0 5 L 10 10 z"}}, "router": {"name": "manhattan"}, "source": {"id": "6dc7fc1a-baa8-47c0-9996-aaa072213441", "port": "IF 1"}, "target": {"id": "f430f224-4ee4-4883-baa7-66cb78c9f350", "port": "in"}, "connector": {"args": {"type": "gap"}, "name": "jumpover"}}, {"z": 71, "id": "18cbb3c8-96a3-4bc6-940c-08e5ae94e6c3", "type": "link", "attrs": {".marker-target": {"d": "M 10 0 L 0 5 L 10 10 z"}}, "router": {"name": "manhattan"}, "source": {"id": "bbcf12c7-3d5f-4b58-808a-62c2186cbbb7", "port": "out"}, "target": {"id": "8e62a328-29e0-4be9-b2c8-fde70abd5558", "port": "in"}, "connector": {"args": {"type": "gap"}, "name": "jumpover"}}, {"z": 72, "id": "c02002c4-9fc6-445d-b5ff-2a8f5421f60b", "type": "link", "attrs": {".marker-target": {"d": "M 10 0 L 0 5 L 10 10 z"}}, "router": {"name": "manhattan"}, "source": {"id": "8e62a328-29e0-4be9-b2c8-fde70abd5558", "port": "out"}, "target": {"id": "4143cc74-5e70-4d5d-8379-82f7e4063ea0", "port": "in"}, "vertices": [{"x": 1584, "y": 72}], "connector": {"args": {"type": "gap"}, "name": "jumpover"}}, {"z": 73, "id": "8dd0e4e3-a532-490b-9bef-15e45ae2576d", "type": "link", "attrs": {".marker-target": {"d": "M 10 0 L 0 5 L 10 10 z"}}, "router": {"name": "manhattan"}, "source": {"id": "aeb68ca6-7738-407a-9202-bb1c7c52735e", "port": "out"}, "target": {"id": "9bac845c-b867-4b9b-844b-61abfadab2dd", "port": "in"}, "connector": {"args": {"type": "gap"}, "name": "jumpover"}}, {"z": 74, "id": "52ae7e4a-6b68-4d8b-b519-fd5de1a76874", "type": "link", "attrs": {".marker-target": {"d": "M 10 0 L 0 5 L 10 10 z"}}, "router": {"name": "manhattan"}, "source": {"id": "4143cc74-5e70-4d5d-8379-82f7e4063ea0", "port": "out"}, "target": {"id": "0c99f0f3-4352-4815-9d43-7812bd8727b5", "port": "in"}, "connector": {"args": {"type": "gap"}, "name": "jumpover"}}, {"z": 75, "id": "d293a3c2-92de-47e1-a121-3ec8d8b96eb5", "type": "link", "attrs": {".marker-target": {"d": "M 10 0 L 0 5 L 10 10 z"}}, "router": {"name": "manhattan"}, "source": {"id": "0c99f0f3-4352-4815-9d43-7812bd8727b5", "port": "Pending PW Reset"}, "target": {"id": "31526872-5c84-462f-bbac-7250078b10be", "port": "in"}, "connector": {"args": {"type": "gap"}, "name": "jumpover"}}, {"z": 77, "id": "4d23b1b8-5f32-44a3-8316-89a8c149118c", "type": "link", "attrs": {".marker-target": {"d": "M 10 0 L 0 5 L 10 10 z"}}, "router": {"name": "manhattan"}, "source": {"id": "0c99f0f3-4352-4815-9d43-7812bd8727b5", "port": "failure"}, "target": {"id": "646c7d64-0e95-4770-a156-a39c54a911ad", "port": "in"}, "connector": {"args": {"type": "gap"}, "name": "jumpover"}}, {"z": 78, "id": "5caef084-bfec-44ce-b676-6188fcbff7d3", "type": "link", "attrs": {".marker-target": {"d": "M 10 0 L 0 5 L 10 10 z"}}, "router": {"name": "manhattan"}, "source": {"id": "646c7d64-0e95-4770-a156-a39c54a911ad", "port": "out"}, "target": {"id": "31526872-5c84-462f-bbac-7250078b10be", "port": "in"}, "vertices": [{"x": 1890, "y": 126}], "connector": {"args": {"type": "gap"}, "name": "jumpover"}}, {"z": 80, "id": "c268cb4b-3da6-42ad-8ab7-caba9cbc7290", "type": "link", "attrs": {".marker-target": {"d": "M 10 0 L 0 5 L 10 10 z"}}, "router": {"name": "manhattan"}, "source": {"id": "6e5f8c7c-1608-4d5d-9e12-8b832f5e1ab2", "port": "failure"}, "target": {"id": "8aa1115f-693d-4ded-a032-3904598891ad", "port": "in"}, "connector": {"args": {"type": "gap"}, "name": "jumpover"}}, {"z": 81, "id": "e290f55b-0ada-430e-bb8b-6e62b7b8fde0", "type": "link", "attrs": {".marker-target": {"d": "M 10 0 L 0 5 L 10 10 z"}}, "router": {"name": "manhattan"}, "source": {"id": "8aa1115f-693d-4ded-a032-3904598891ad", "port": "out"}, "target": {"id": "05353b86-1722-46bc-a6f9-20c12eeb40a2", "port": "in"}, "connector": {"args": {"type": "gap"}, "name": "jumpover"}}, {"z": 82, "id": "0893a6dc-1dfd-4c5f-8102-11fa2490eb4e", "type": "link", "attrs": {".marker-target": {"d": "M 10 0 L 0 5 L 10 10 z"}}, "router": {"name": "manhattan"}, "source": {"id": "05353b86-1722-46bc-a6f9-20c12eeb40a2", "port": "out"}, "target": {"id": "72db7d58-65d1-4f85-accc-e12877aaafef", "port": "in"}, "vertices": [{"x": 1224, "y": 324}], "connector": {"args": {"type": "gap"}, "name": "jumpover"}}, {"z": 84, "id": "afe3f987-61e4-4a26-9541-7062bc643a5b", "type": "link", "attrs": {".marker-target": {"d": "M 10 0 L 0 5 L 10 10 z"}}, "router": {"name": "manhattan"}, "source": {"id": "bec60757-e137-449f-a1be-de10d72e5e36", "port": "out"}, "target": {"id": "976ec39c-9035-4453-be48-2de8c62556f9", "port": "in"}, "connector": {"args": {"type": "gap"}, "name": "jumpover"}}, {"z": 87, "id": "42fb413f-2ed2-4c2a-9369-d6ba90ef22bb", "type": "link", "attrs": {".marker-target": {"d": "M 10 0 L 0 5 L 10 10 z"}}, "router": {"name": "manhattan"}, "source": {"id": "976ec39c-9035-4453-be48-2de8c62556f9", "port": "out"}, "target": {"id": "6b5bf247-a7e5-4f25-ab4f-a594dbb63b67", "port": "in"}, "connector": {"args": {"type": "gap"}, "name": "jumpover"}}, {"z": 90, "id": "81a86de9-1e1d-4cc9-b59d-28f07a0ccd1d", "type": "link", "attrs": {".marker-target": {"d": "M 10 0 L 0 5 L 10 10 z"}}, "router": {"name": "manhattan"}, "source": {"id": "6b5bf247-a7e5-4f25-ab4f-a594dbb63b67", "port": "out"}, "target": {"id": "21b46d23-9e7f-4b64-b81b-971819c33a3e", "port": "in"}, "connector": {"args": {"type": "gap"}, "name": "jumpover"}}, {"z": 91, "id": "6ec1cc74-20ef-44a0-a0e6-c323dc0bb099", "type": "link", "attrs": {".marker-target": {"d": "M 10 0 L 0 5 L 10 10 z"}}, "router": {"name": "manhattan"}, "source": {"id": "f430f224-4ee4-4883-baa7-66cb78c9f350", "port": "out"}, "target": {"id": "127f536b-d643-4726-9a5f-f495f70f5aa2", "port": "in"}, "connector": {"args": {"type": "gap"}, "name": "jumpover"}}, {"z": 92, "id": "53d90515-4630-4f27-a25d-eb385bbe2c98", "type": "link", "attrs": {".marker-target": {"d": "M 10 0 L 0 5 L 10 10 z"}}, "router": {"name": "manhattan"}, "source": {"id": "127f536b-d643-4726-9a5f-f495f70f5aa2", "port": "out"}, "target": {"id": "6e5f8c7c-1608-4d5d-9e12-8b832f5e1ab2", "port": "in"}, "connector": {"args": {"type": "gap"}, "name": "jumpover"}}, {"z": 93, "id": "857ef73e-354d-4eda-b2cd-a4e6d273d79e", "type": "link", "attrs": {".marker-target": {"d": "M 10 0 L 0 5 L 10 10 z"}}, "router": {"name": "manhattan"}, "source": {"id": "6e5f8c7c-1608-4d5d-9e12-8b832f5e1ab2", "port": "isVIP?"}, "target": {"id": "aeb68ca6-7738-407a-9202-bb1c7c52735e", "port": "in"}, "connector": {"args": {"type": "gap"}, "name": "jumpover"}}, {"z": 95, "id": "0ebf7a19-30e0-4904-9bad-eac6b25dda2a", "type": "link", "attrs": {".marker-target": {"d": "M 10 0 L 0 5 L 10 10 z"}}, "router": {"name": "manhattan"}, "source": {"id": "6e5f8c7c-1608-4d5d-9e12-8b832f5e1ab2", "port": "Is Multi User?"}, "target": {"id": "7f85ef7a-2af5-4bb4-ba81-0ffac7e89a5a", "port": "in"}, "connector": {"args": {"type": "gap"}, "name": "jumpover"}}, {"z": 96, "id": "8ebe4d03-61ef-4353-b95f-5da1a4fbf022", "type": "link", "attrs": {".marker-target": {"d": "M 10 0 L 0 5 L 10 10 z"}}, "router": {"name": "manhattan"}, "source": {"id": "7f85ef7a-2af5-4bb4-ba81-0ffac7e89a5a", "port": "out"}, "target": {"id": "72db7d58-65d1-4f85-accc-e12877aaafef", "port": "in"}, "vertices": [{"x": 1188, "y": 144}, {"x": 1980, "y": 468}], "connector": {"args": {"type": "gap"}, "name": "jumpover"}}], "nodes": [{"z": 1, "id": "bec60757-e137-449f-a1be-de10d72e5e36", "a_id": "64cc00609a0e6d3ee937f99a", "size": {"width": 50, "height": 50}, "type": "devs.Start", "angle": 0, "attrs": {".title": {"text": "START"}}, "ports": {"items": [{"id": "out", "attrs": {".port-label": {"text": "out"}}, "group": "out"}], "groups": {"in": {"attrs": {".port-body": {"r": 10, "fill": "#fff", "magnet": true, "stroke": "#000"}, ".port-label": {"fill": "#000"}}, "label": {"markup": "<text />", "position": {"args": {"y": 10}, "name": "left"}}, "markup": "<circle r=\"15\" />", "position": {"name": "left"}}, "out": {"z": 0, "id": "out", "attrs": {"circle": {"r": 15, "cx": 28, "fill": "rgba(255,255,255,0.03)", "magnet": "true", "stroke-width": 0}, ".port-body": {"r": 10, "fill": "#fff", "magnet": true, "stroke": "#000"}, ".port-label": {"fill": "#000"}}, "group": "out", "label": {"markup": "<text />", "position": {"args": {"y": 10}, "name": "top"}}, "markup": "<circle r=\"15\" />", "position": {"name": "right"}}}}, "inPorts": [], "outPorts": ["out"], "position": {"x": -1170, "y": 180}, "stepType": "start", "elementType": "START"}, {"z": 2, "id": "72db7d58-65d1-4f85-accc-e12877aaafef", "a_id": "64cc00609a0e6d3ee937f99b", "size": {"width": 50, "height": 50}, "type": "devs.End", "angle": 0, "attrs": {".title": {"text": "END"}}, "ports": {"items": [{"id": "in", "attrs": {".port-label": {"text": "in"}}, "group": "in"}], "groups": {"in": {"z": 0, "id": "in", "attrs": {"circle": {"r": 15, "fill": "rgba(255,255,255,0.03)", "magnet": "passive", "stroke-width": 0}, ".port-body": {"r": 10, "fill": "#fff", "magnet": true, "stroke": "#000"}, ".port-label": {"fill": "#000"}}, "group": "in", "label": {"markup": "<text />", "position": {"args": {"y": 10}, "name": "top"}}, "markup": "<circle r=\"15\" />", "position": {"name": "left"}}, "out": {"attrs": {".port-body": {"r": 10, "fill": "#fff", "magnet": true, "stroke": "#000"}, ".port-label": {"fill": "#000"}}, "label": {"markup": "<text />", "position": {"args": {"y": 10}, "name": "right"}}, "markup": "<circle r=\"15\" />", "position": {"name": "right"}}}}, "inPorts": ["in"], "outPorts": [], "position": {"x": 2502, "y": 270}, "stepType": "end", "elementType": "END"}, {"z": 7, "id": "aeb68ca6-7738-407a-9202-bb1c7c52735e", "a_id": "64cc0225647345dfbbe259eb", "size": {"width": 180, "height": 80}, "type": "devs.Action", "angle": 0, "attrs": {".info": {"text": ""}, ".title": {"text": "Enrichment"}, ".rotatable": {"data-type": "Enrichment"}, ".description": {"text": "User Attributes (Initial)"}}, "ports": {"items": [{"id": "in", "attrs": {".port-label": {"text": "in"}}, "group": "in"}, {"id": "out", "attrs": {".port-label": {"text": "out"}}, "group": "out"}], "groups": {"in": {"z": 0, "id": "in", "attrs": {"circle": {"r": 15, "fill": "rgba(255,255,255,0.03)", "magnet": "passive", "stroke-width": 0}, ".port-body": {"r": 10, "fill": "#fff", "magnet": true, "stroke": "#000"}, ".port-label": {"fill": "#000"}}, "group": "in", "label": {"markup": "<text />", "position": {"args": {"y": 10}, "name": "top"}}, "markup": "<circle r=\"15\" />", "position": {"args": {"x": "0", "y": "43"}, "name": "left"}}, "out": {"z": 0, "id": "out", "attrs": {"circle": {"r": 15, "fill": "rgba(255,255,255,0.03)", "magnet": "true", "stroke-width": 0}, ".port-body": {"r": 10, "fill": "#fff", "magnet": true, "stroke": "#000"}, ".port-label": {"fill": "#000"}}, "group": "out", "label": {"markup": "<text />", "position": {"args": {"y": 10}, "name": "top"}}, "markup": "<circle r=\"15\" />", "position": {"args": {"x": "180", "y": "43"}, "name": "left"}}}}, "actConf": {"opt_fields": [], "required_fields": [], "optSwitch_fields": []}, "actToDo": "dynamicGetUser(2)_1", "inPorts": ["in"], "actAsset": "", "outPorts": ["out"], "position": {"x": 612, "y": -126}, "stepType": "action", "actionDesc": "", "actionName": "dynamicGetUser(2)", "actionType": "Enrichment", "authorizer": "", "breakPoint": false, "actionTitle": " User Attributes (Initial) ", "actionNameDisplay": "Get User", "cartesian_product": true}, {"z": 7, "id": "4143cc74-5e70-4d5d-8379-82f7e4063ea0", "a_id": "64d68252d8936d3d7d588de2", "size": {"width": 180, "height": 80}, "type": "devs.Action", "angle": 0, "attrs": {".info": {"text": ""}, ".title": {"text": "Enrichment"}, ".rotatable": {"data-type": "Enrichment"}, ".description": {"text": "User Attributes (New)"}}, "ports": {"items": [{"id": "in", "attrs": {".port-label": {"text": "in"}}, "group": "in"}, {"id": "out", "attrs": {".port-label": {"text": "out"}}, "group": "out"}], "groups": {"in": {"z": 0, "id": "in", "attrs": {"circle": {"r": 15, "fill": "rgba(255,255,255,0.03)", "magnet": "passive", "stroke-width": 0}, ".port-body": {"r": 10, "fill": "#fff", "magnet": true, "stroke": "#000"}, ".port-label": {"fill": "#000"}}, "group": "in", "label": {"markup": "<text />", "position": {"args": {"y": 10}, "name": "top"}}, "markup": "<circle r=\"15\" />", "position": {"args": {"x": "0", "y": "43"}, "name": "left"}}, "out": {"z": 0, "id": "out", "attrs": {"circle": {"r": 15, "fill": "rgba(255,255,255,0.03)", "magnet": "true", "stroke-width": 0}, ".port-body": {"r": 10, "fill": "#fff", "magnet": true, "stroke": "#000"}, ".port-label": {"fill": "#000"}}, "group": "out", "label": {"markup": "<text />", "position": {"args": {"y": 10}, "name": "top"}}, "markup": "<circle r=\"15\" />", "position": {"args": {"x": "180", "y": "43"}, "name": "left"}}}}, "actConf": {"opt_fields": [], "required_fields": [], "optSwitch_fields": []}, "actToDo": "dynamicGetUser(2)_1", "inPorts": ["in"], "actAsset": "", "outPorts": ["out"], "position": {"x": 1314, "y": 108}, "stepType": "action", "actionDesc": "", "actionName": "dynamicGetUser(2)", "actionType": "Enrichment", "authorizer": "", "breakPoint": false, "actionTitle": " User Attributes (New) ", "actionNameDisplay": "Get User", "cartesian_product": true}, {"z": 11, "id": "0c99f0f3-4352-4815-9d43-7812bd8727b5", "a_id": "64cc03069a0e6d3ee937f99c", "size": {"width": 90, "height": 90}, "type": "devs.Condition", "angle": 0, "attrs": {".add": {"ref-y": 48}, ".edit": {"ref-y": 23}, ".main": {"x": 36, "y": -18, "width": 135, "height": 135}, ".delete": {"ref-x": 55, "ref-y": 48}}, "ports": {"items": [{"id": "in", "attrs": {".port-label": {"text": "in"}}, "group": "in"}, {"id": "Pending PW Reset", "attrs": {".port-label": {"text": "Pending PW Reset"}}, "group": "out"}, {"id": "failure", "attrs": {".port-label": {"text": "failure"}}, "group": "out"}], "groups": {"in": {"z": 0, "id": "in", "attrs": {"circle": {"r": 15, "fill": "rgba(255,255,255,0.03)", "magnet": "passive", "stroke-width": 0}, ".port-body": {"r": 10, "fill": "#fff", "magnet": true, "stroke": "#000"}, ".port-label": {"fill": "#000"}}, "group": "in", "label": {"markup": "<text />", "position": {"args": {"y": 10}, "name": "top"}}, "markup": "<circle r=\"15\" />", "position": {"args": {"x": "-10", "y": "43"}, "name": "left"}}, "out": {"z": 0, "id": "out", "attrs": {"circle": {"r": 15, "fill": "rgba(255,255,255,0.03)", "magnet": "true", "stroke-width": 0}, ".port-body": {"r": 10, "fill": "#fff", "magnet": true, "stroke": "#000"}, ".port-label": {"fill": "#000"}}, "group": "out", "label": {"markup": "<text />", "position": {"args": {"y": 10}, "name": "top"}}, "markup": "<circle r=\"15\" />", "position": {"args": {"dr": 0, "dx": -9, "dy": -3, "step": 180, "startAngle": 0, "compensateRotation": false}, "name": "ellipseSpread"}}}}, "inPorts": ["in"], "outPorts": ["Pending PW Reset", "failure"], "position": {"x": 1584, "y": 108}, "stepType": "condition", "multiple_conditions": [{"port": "Pending PW Reset", "conditions": [{"elements": {"dx": "", "sx": "", "operator": "=="}, "logical_operator": "and"}], "cartesian_product": true}]}, {"z": 15, "id": "31526872-5c84-462f-bbac-7250078b10be", "a_id": "64cc04efd7f868ad9fefbd56", "size": {"width": 180, "height": 80}, "type": "devs.Action", "angle": 0, "attrs": {".info": {"text": ""}, ".title": {"text": "Containment"}, ".rotatable": {"data-type": "Containment"}, ".description": {"text": "Revoke User Session"}}, "ports": {"items": [{"id": "in", "attrs": {".port-label": {"text": "in"}}, "group": "in"}, {"id": "out", "attrs": {".port-label": {"text": "out"}}, "group": "out"}], "groups": {"in": {"z": 0, "id": "in", "attrs": {"circle": {"r": 15, "fill": "rgba(255,255,255,0.03)", "magnet": "passive", "stroke-width": 0}, ".port-body": {"r": 10, "fill": "#fff", "magnet": true, "stroke": "#000"}, ".port-label": {"fill": "#000"}}, "group": "in", "label": {"markup": "<text />", "position": {"args": {"y": 10}, "name": "top"}}, "markup": "<circle r=\"15\" />", "position": {"args": {"x": "0", "y": "43"}, "name": "left"}}, "out": {"z": 0, "id": "out", "attrs": {"circle": {"r": 15, "fill": "rgba(255,255,255,0.03)", "magnet": "true", "stroke-width": 0}, ".port-body": {"r": 10, "fill": "#fff", "magnet": true, "stroke": "#000"}, ".port-label": {"fill": "#000"}}, "group": "out", "label": {"markup": "<text />", "position": {"args": {"y": 10}, "name": "top"}}, "markup": "<circle r=\"15\" />", "position": {"args": {"x": "180", "y": "43"}, "name": "left"}}}}, "actConf": {"opt_fields": [], "required_fields": [], "optSwitch_fields": []}, "actToDo": "dynamicRevokeUserSession_1", "inPorts": ["in"], "actAsset": "", "outPorts": ["out"], "position": {"x": 1728, "y": -72}, "stepType": "action", "actionDesc": "", "actionName": "dynamicRevokeUserSession", "actionType": "Containment", "authorizer": "", "breakPoint": false, "actionTitle": " Revoke User Session ", "actionNameDisplay": "Revoke User Session", "cartesian_product": true}, {"z": 17, "id": "9bac845c-b867-4b9b-844b-61abfadab2dd", "a_id": "64cc056fd7f868ad9fefbd57", "size": {"width": 180, "height": 80}, "type": "devs.Action", "angle": 0, "attrs": {".info": {"text": ""}, ".title": {"text": "Custom"}, ".rotatable": {"data-type": "Custom"}, ".description": {"text": "Generate Password"}}, "ports": {"items": [{"id": "in", "attrs": {".port-label": {"text": "in"}}, "group": "in"}, {"id": "out", "attrs": {".port-label": {"text": "out"}}, "group": "out"}], "groups": {"in": {"z": 0, "id": "in", "attrs": {"circle": {"r": 15, "fill": "rgba(255,255,255,0.03)", "magnet": "passive", "stroke-width": 0}, ".port-body": {"r": 10, "fill": "#fff", "magnet": true, "stroke": "#000"}, ".port-label": {"fill": "#000"}}, "group": "in", "label": {"markup": "<text />", "position": {"args": {"y": 10}, "name": "top"}}, "markup": "<circle r=\"15\" />", "position": {"args": {"x": "0", "y": "43"}, "name": "left"}}, "out": {"z": 0, "id": "out", "attrs": {"circle": {"r": 15, "fill": "rgba(255,255,255,0.03)", "magnet": "true", "stroke-width": 0}, ".port-body": {"r": 10, "fill": "#fff", "magnet": true, "stroke": "#000"}, ".port-label": {"fill": "#000"}}, "group": "out", "label": {"markup": "<text />", "position": {"args": {"y": 10}, "name": "top"}}, "markup": "<circle r=\"15\" />", "position": {"args": {"x": "180", "y": "43"}, "name": "left"}}}}, "actConf": {"opt_fields": [], "required_fields": [], "optSwitch_fields": []}, "actToDo": "dynamicGeneratePassword_1", "inPorts": ["in"], "actAsset": "", "outPorts": ["out"], "position": {"x": 864, "y": -126}, "stepType": "action", "actionDesc": "", "actionName": "dynamicGeneratePassword", "actionType": "Custom", "authorizer": "", "breakPoint": false, "actionTitle": " Generate Password ", "actionNameDisplay": "Generate Password", "cartesian_product": true}, {"z": 19, "id": "bbcf12c7-3d5f-4b58-808a-62c2186cbbb7", "a_id": "64cc06fa6535edf4898ba58a", "size": {"width": 180, "height": 80}, "type": "devs.Action", "angle": 0, "attrs": {".info": {"text": ""}, ".title": {"text": "Containment"}, ".rotatable": {"data-type": "Containment"}, ".description": {"text": "Set Password"}}, "ports": {"items": [{"id": "in", "attrs": {".port-label": {"text": "in"}}, "group": "in"}, {"id": "out", "attrs": {".port-label": {"text": "out"}}, "group": "out"}], "groups": {"in": {"z": 0, "id": "in", "attrs": {"circle": {"r": 15, "fill": "rgba(255,255,255,0.03)", "magnet": "passive", "stroke-width": 0}, ".port-body": {"r": 10, "fill": "#fff", "magnet": true, "stroke": "#000"}, ".port-label": {"fill": "#000"}}, "group": "in", "label": {"markup": "<text />", "position": {"args": {"y": 10}, "name": "top"}}, "markup": "<circle r=\"15\" />", "position": {"args": {"x": "0", "y": "43"}, "name": "left"}}, "out": {"z": 0, "id": "out", "attrs": {"circle": {"r": 15, "fill": "rgba(255,255,255,0.03)", "magnet": "true", "stroke-width": 0}, ".port-body": {"r": 10, "fill": "#fff", "magnet": true, "stroke": "#000"}, ".port-label": {"fill": "#000"}}, "group": "out", "label": {"markup": "<text />", "position": {"args": {"y": 10}, "name": "top"}}, "markup": "<circle r=\"15\" />", "position": {"args": {"x": "180", "y": "43"}, "name": "left"}}}}, "actConf": {"opt_fields": [], "required_fields": [], "optSwitch_fields": []}, "actToDo": "dynamicSetPassword_1", "inPorts": ["in"], "actAsset": "", "outPorts": ["out"], "position": {"x": 1116, "y": -126}, "stepType": "action", "actionDesc": "", "actionName": "dynamicSetPassword", "actionType": "Containment", "authorizer": "", "breakPoint": false, "actionTitle": " Set Password ", "actionNameDisplay": "Set Password", "cartesian_product": true}, {"z": 22, "id": "4999981c-f37c-4bb5-b290-b65ed130e51f", "a_id": "64cc08396535edf4898ba58b", "size": {"width": 180, "height": 80}, "type": "devs.Action", "angle": 0, "attrs": {".info": {"text": ""}, ".title": {"text": "Notification"}, ".rotatable": {"data-type": "Notification"}, ".description": {"text": "Send Chat Message"}}, "ports": {"items": [{"id": "in", "attrs": {".port-label": {"text": "in"}}, "group": "in"}, {"id": "out", "attrs": {".port-label": {"text": "out"}}, "group": "out"}], "groups": {"in": {"z": 0, "id": "in", "attrs": {"circle": {"r": 15, "fill": "rgba(255,255,255,0.03)", "magnet": "passive", "stroke-width": 0}, ".port-body": {"r": 10, "fill": "#fff", "magnet": true, "stroke": "#000"}, ".port-label": {"fill": "#000"}}, "group": "in", "label": {"markup": "<text />", "position": {"args": {"y": 10}, "name": "top"}}, "markup": "<circle r=\"15\" />", "position": {"args": {"x": "0", "y": "43"}, "name": "left"}}, "out": {"z": 0, "id": "out", "attrs": {"circle": {"r": 15, "fill": "rgba(255,255,255,0.03)", "magnet": "true", "stroke-width": 0}, ".port-body": {"r": 10, "fill": "#fff", "magnet": true, "stroke": "#000"}, ".port-label": {"fill": "#000"}}, "group": "out", "label": {"markup": "<text />", "position": {"args": {"y": 10}, "name": "top"}}, "markup": "<circle r=\"15\" />", "position": {"args": {"x": "180", "y": "43"}, "name": "left"}}}}, "actConf": {"opt_fields": [], "required_fields": [], "optSwitch_fields": []}, "actToDo": "dynamicSendChatMessage_1", "inPorts": ["in"], "actAsset": "", "outPorts": ["out"], "position": {"x": 1980, "y": 36}, "stepType": "action", "actionDesc": "", "actionName": "dynamicSendChatMessage", "actionType": "Notification", "authorizer": "", "breakPoint": false, "actionTitle": " Send Chat Message ", "actionNameDisplay": "Send Chat Message", "cartesian_product": true}, {"z": 22, "id": "418909bb-184e-4452-aa06-447272d17d42", "a_id": "64cc083f6535edf4898ba58c", "size": {"width": 180, "height": 80}, "type": "devs.Action", "angle": 0, "attrs": {".info": {"text": ""}, ".title": {"text": "Notification"}, ".rotatable": {"data-type": "Notification"}, ".description": {"text": "Send Chat Message"}}, "ports": {"items": [{"id": "in", "attrs": {".port-label": {"text": "in"}}, "group": "in"}, {"id": "out", "attrs": {".port-label": {"text": "out"}}, "group": "out"}], "groups": {"in": {"z": 0, "id": "in", "attrs": {"circle": {"r": 15, "fill": "rgba(255,255,255,0.03)", "magnet": "passive", "stroke-width": 0}, ".port-body": {"r": 10, "fill": "#fff", "magnet": true, "stroke": "#000"}, ".port-label": {"fill": "#000"}}, "group": "in", "label": {"markup": "<text />", "position": {"args": {"y": 10}, "name": "top"}}, "markup": "<circle r=\"15\" />", "position": {"args": {"x": "0", "y": "43"}, "name": "left"}}, "out": {"z": 0, "id": "out", "attrs": {"circle": {"r": 15, "fill": "rgba(255,255,255,0.03)", "magnet": "true", "stroke-width": 0}, ".port-body": {"r": 10, "fill": "#fff", "magnet": true, "stroke": "#000"}, ".port-label": {"fill": "#000"}}, "group": "out", "label": {"markup": "<text />", "position": {"args": {"y": 10}, "name": "top"}}, "markup": "<circle r=\"15\" />", "position": {"args": {"x": "180", "y": "43"}, "name": "left"}}}}, "actConf": {"opt_fields": [], "required_fields": [], "optSwitch_fields": []}, "actToDo": "dynamicSendChatMessage_1", "inPorts": ["in"], "actAsset": "", "outPorts": ["out"], "position": {"x": 2250, "y": 108}, "stepType": "action", "actionDesc": "", "actionName": "dynamicSendChatMessage", "actionType": "Notification", "authorizer": "", "breakPoint": false, "actionTitle": " Send Chat Message ", "actionNameDisplay": "Send Chat Message", "cartesian_product": true}, {"z": 24, "id": "74261216-de8d-46de-aed0-282f2213b6f8", "a_id": "64cc08bf9a0e6d3ee937f99d", "size": {"width": 180, "height": 80}, "type": "devs.Action", "angle": 0, "attrs": {".info": {"text": ""}, ".title": {"text": "Enrichment"}, ".rotatable": {"data-type": "Enrichment"}, ".description": {"text": "Get Manager"}}, "ports": {"items": [{"id": "in", "attrs": {".port-label": {"text": "in"}}, "group": "in"}, {"id": "out", "attrs": {".port-label": {"text": "out"}}, "group": "out"}], "groups": {"in": {"z": 0, "id": "in", "attrs": {"circle": {"r": 15, "fill": "rgba(255,255,255,0.03)", "magnet": "passive", "stroke-width": 0}, ".port-body": {"r": 10, "fill": "#fff", "magnet": true, "stroke": "#000"}, ".port-label": {"fill": "#000"}}, "group": "in", "label": {"markup": "<text />", "position": {"args": {"y": 10}, "name": "top"}}, "markup": "<circle r=\"15\" />", "position": {"args": {"x": "0", "y": "43"}, "name": "left"}}, "out": {"z": 0, "id": "out", "attrs": {"circle": {"r": 15, "fill": "rgba(255,255,255,0.03)", "magnet": "true", "stroke-width": 0}, ".port-body": {"r": 10, "fill": "#fff", "magnet": true, "stroke": "#000"}, ".port-label": {"fill": "#000"}}, "group": "out", "label": {"markup": "<text />", "position": {"args": {"y": 10}, "name": "top"}}, "markup": "<circle r=\"15\" />", "position": {"args": {"x": "180", "y": "43"}, "name": "left"}}}}, "actConf": {"opt_fields": [], "required_fields": [], "optSwitch_fields": []}, "actToDo": "dynamicGetManager(2)_1", "inPorts": ["in"], "actAsset": "", "outPorts": ["out"], "position": {"x": 1980, "y": 198}, "stepType": "action", "actionDesc": "", "actionName": "dynamicGetManager(2)", "actionType": "Enrichment", "authorizer": "", "breakPoint": false, "actionTitle": " Get Manager ", "actionNameDisplay": "Get Manager", "cartesian_product": true}, {"z": 45, "id": "21b46d23-9e7f-4b64-b81b-971819c33a3e", "a_id": "64d64944e1625d402f839595", "size": {"width": 180, "height": 80}, "type": "devs.Action", "angle": 0, "attrs": {".info": {"text": ""}, ".title": {"text": "Custom"}, ".rotatable": {"data-type": "Custom"}, ".description": {"text": "Get Time"}}, "ports": {"items": [{"id": "in", "attrs": {".port-label": {"text": "in"}}, "group": "in"}, {"id": "out", "attrs": {".port-label": {"text": "out"}}, "group": "out"}], "groups": {"in": {"z": 0, "id": "in", "attrs": {"circle": {"r": 15, "fill": "rgba(255,255,255,0.03)", "magnet": "passive", "stroke-width": 0}, ".port-body": {"r": 10, "fill": "#fff", "magnet": true, "stroke": "#000"}, ".port-label": {"fill": "#000"}}, "group": "in", "label": {"markup": "<text />", "position": {"args": {"y": 10}, "name": "top"}}, "markup": "<circle r=\"15\" />", "position": {"args": {"x": "0", "y": "43"}, "name": "left"}}, "out": {"z": 0, "id": "out", "attrs": {"circle": {"r": 15, "fill": "rgba(255,255,255,0.03)", "magnet": "true", "stroke-width": 0}, ".port-body": {"r": 10, "fill": "#fff", "magnet": true, "stroke": "#000"}, ".port-label": {"fill": "#000"}}, "group": "out", "label": {"markup": "<text />", "position": {"args": {"y": 10}, "name": "top"}}, "markup": "<circle r=\"15\" />", "position": {"args": {"x": "180", "y": "43"}, "name": "left"}}}}, "actConf": {"opt_fields": [], "required_fields": [], "optSwitch_fields": []}, "actToDo": "dynamicGetTime_1", "inPorts": ["in"], "actAsset": "", "outPorts": ["out"], "position": {"x": -522, "y": 162}, "stepType": "action", "actionDesc": "", "actionName": "dynamicGetTime", "actionType": "Custom", "authorizer": "", "breakPoint": false, "actionTitle": " Get Time ", "actionNameDisplay": "Get Time", "cartesian_product": true}, {"z": 47, "id": "6dc7fc1a-baa8-47c0-9996-aaa072213441", "a_id": "64d649bbd8936d3d7d588de0", "size": {"width": 90, "height": 90}, "type": "devs.Condition", "angle": 0, "attrs": {".add": {"ref-y": 48}, ".edit": {"ref-y": 23}, ".main": {"x": 36, "y": -18, "width": 135, "height": 135}, ".delete": {"ref-x": 55, "ref-y": 48}}, "ports": {"items": [{"id": "in", "attrs": {".port-label": {"text": "in"}}, "group": "in"}, {"id": "IF 1", "attrs": {".port-label": {"text": "IF 1"}}, "group": "out"}, {"id": "failure", "attrs": {".port-label": {"text": "failure"}}, "group": "out"}], "groups": {"in": {"z": 0, "id": "in", "attrs": {"circle": {"r": 15, "fill": "rgba(255,255,255,0.03)", "magnet": "passive", "stroke-width": 0}, ".port-body": {"r": 10, "fill": "#fff", "magnet": true, "stroke": "#000"}, ".port-label": {"fill": "#000"}}, "group": "in", "label": {"markup": "<text />", "position": {"args": {"y": 10}, "name": "top"}}, "markup": "<circle r=\"15\" />", "position": {"args": {"x": "-10", "y": "43"}, "name": "left"}}, "out": {"z": 0, "id": "out", "attrs": {"circle": {"r": 15, "fill": "rgba(255,255,255,0.03)", "magnet": "true", "stroke-width": 0}, ".port-body": {"r": 10, "fill": "#fff", "magnet": true, "stroke": "#000"}, ".port-label": {"fill": "#000"}}, "group": "out", "label": {"markup": "<text />", "position": {"args": {"y": 10}, "name": "top"}}, "markup": "<circle r=\"15\" />", "position": {"args": {"dr": 0, "dx": -9, "dy": -3, "step": 180, "startAngle": 0, "compensateRotation": false}, "name": "ellipseSpread"}}}}, "inPorts": ["in"], "outPorts": ["IF 1", "failure"], "position": {"x": -234, "y": 162}, "stepType": "condition", "multiple_conditions": [{"port": "IF 1", "conditions": [{"elements": {"dx": "EDITED::7", "sx": "", "operator": "<="}, "logical_operator": "and"}], "cartesian_product": true}]}, {"z": 50, "id": "a3e685af-7a0a-4f79-9cae-eb5d20f356f3", "a_id": "64d64b4c647345dfbbe259fd", "desc": "<p>Alert &gt; 7 Days start manual SOC Review</p>", "size": {"width": 180, "height": 80}, "type": "devs.Action", "angle": 0, "attrs": {".info": {"text": ""}, ".title": {"text": "Task"}, ".rotatable": {"data-type": "Task"}, ".description": {"text": "Manual Review (Alert\r\nAge)"}}, "ports": {"items": [{"id": "in", "attrs": {".port-label": {"text": "in"}}, "group": "in"}, {"id": "out", "attrs": {".port-label": {"text": "out"}}, "group": "out"}], "groups": {"in": {"z": 0, "id": "in", "attrs": {"circle": {"r": 15, "fill": "rgba(255,255,255,0.03)", "magnet": "passive", "stroke-width": 0}, ".port-body": {"r": 10, "fill": "#fff", "magnet": true, "stroke": "#000"}, ".port-label": {"fill": "#000"}}, "group": "in", "label": {"markup": "<text />", "position": {"args": {"y": 10}, "name": "top"}}, "markup": "<circle r=\"15\" />", "position": {"args": {"x": "0", "y": "43"}, "name": "left"}}, "out": {"z": 0, "id": "out", "attrs": {"circle": {"r": 15, "fill": "rgba(255,255,255,0.03)", "magnet": "true", "stroke-width": 0}, ".port-body": {"r": 10, "fill": "#fff", "magnet": true, "stroke": "#000"}, ".port-label": {"fill": "#000"}}, "group": "out", "label": {"markup": "<text />", "position": {"args": {"y": 10}, "name": "top"}}, "markup": "<circle r=\"15\" />", "position": {"args": {"x": "180", "y": "43"}, "name": "left"}}}}, "title": " Manual Review (Alert Age) ", "dueDate": 1, "inPorts": ["in"], "outPorts": ["out"], "position": {"x": 216, "y": 270}, "stepType": "action", "mandatory": false, "actionName": "task", "actionType": "Task", "customFields": {"hours": 1, "priority": 11808, "percentage": 1122}, "is_automatic": 0}, {"z": 50, "id": "05353b86-1722-46bc-a6f9-20c12eeb40a2", "a_id": "64d65143647345dfbbe259fe", "desc": "<p>&nbsp;</p><p>(Mark complete once this task has been completed)</p>", "size": {"width": 180, "height": 80}, "type": "devs.Action", "angle": 0, "attrs": {".info": {"text": ""}, ".title": {"text": "Task"}, ".rotatable": {"data-type": "Task"}, ".description": {"text": "VIP Password Reset Task"}}, "ports": {"items": [{"id": "in", "attrs": {".port-label": {"text": "in"}}, "group": "in"}, {"id": "out", "attrs": {".port-label": {"text": "out"}}, "group": "out"}], "groups": {"in": {"z": 0, "id": "in", "attrs": {"circle": {"r": 15, "fill": "rgba(255,255,255,0.03)", "magnet": "passive", "stroke-width": 0}, ".port-body": {"r": 10, "fill": "#fff", "magnet": true, "stroke": "#000"}, ".port-label": {"fill": "#000"}}, "group": "in", "label": {"markup": "<text />", "position": {"args": {"y": 10}, "name": "top"}}, "markup": "<circle r=\"15\" />", "position": {"args": {"x": "0", "y": "43"}, "name": "left"}}, "out": {"z": 0, "id": "out", "attrs": {"circle": {"r": 15, "fill": "rgba(255,255,255,0.03)", "magnet": "true", "stroke-width": 0}, ".port-body": {"r": 10, "fill": "#fff", "magnet": true, "stroke": "#000"}, ".port-label": {"fill": "#000"}}, "group": "out", "label": {"markup": "<text />", "position": {"args": {"y": 10}, "name": "top"}}, "markup": "<circle r=\"15\" />", "position": {"args": {"x": "180", "y": "43"}, "name": "left"}}}}, "title": " VIP Password Reset Task ", "dueDate": 1, "inPorts": ["in"], "outPorts": ["out"], "position": {"x": 936, "y": 180}, "stepType": "action", "mandatory": false, "actionName": "task", "actionType": "Task", "customFields": {"hours": 1, "priority": 11808, "percentage": 1122}, "is_automatic": 0}, {"z": 51, "id": "0f4b97f5-ed1e-410b-b926-3f2f8144ad01", "a_id": "64d64bbbaeaaeb1d2fa53845", "size": {"width": 90, "height": 90}, "type": "devs.UserChoice", "angle": 0, "attrs": {".add": {"ref-x": 42, "ref-y": 95}, ".edit": {"ref-x": 13, "ref-y": 66}, ".main": {"x": 0, "y": 0, "width": 135, "height": 135}, ".title": {"ref-x": 13, "ref-y": 64}, ".delete": {"ref-x": 71, "ref-y": 66}, ".user-choice-icon": {"ref-x": 40, "ref-y": 25, "data-tooltip": "<p>Any further action necessary?</p>"}}, "ports": {"items": [{"id": "in", "attrs": {".port-label": {"text": "in"}}, "group": "in"}, {"id": "yes", "attrs": {".port-label": {"text": "yes"}}, "group": "out"}, {"id": "no", "attrs": {".port-label": {"text": "no"}}, "group": "out"}], "groups": {"in": {"z": 0, "id": "in", "attrs": {"circle": {"r": 15, "fill": "rgba(255,255,255,0.03)", "magnet": "passive", "stroke-width": 0}, ".port-body": {"r": 10, "fill": "#fff", "magnet": true, "stroke": "#000"}, ".port-label": {"fill": "#000"}}, "group": "in", "label": {"markup": "<text />", "position": {"args": {"y": 10}, "name": "top"}}, "markup": "<circle r=\"15\" />", "position": {"args": {"x": "2", "y": "61"}, "name": "left"}}, "out": {"z": 0, "id": "out", "attrs": {"circle": {"r": 15, "fill": "rgba(255,255,255,0.03)", "magnet": "true", "stroke-width": 0}, ".port-body": {"r": 10, "fill": "#fff", "magnet": true, "stroke": "#000"}, ".port-label": {"fill": "#000"}}, "group": "out", "label": {"markup": "<text />", "position": {"args": {"y": 10}, "name": "top"}}, "markup": "<circle r=\"15\" />", "position": {"args": {"dr": 0, "dx": 1, "dy": 15, "step": 180, "startAngle": 0, "compensateRotation": false}, "name": "ellipseSpread"}}}}, "answers": ["yes", "no"], "expires": true, "inPorts": ["in"], "outPorts": ["yes", "no"], "position": {"x": 522, "y": 252}, "question": "<p>Any further action necessary?</p>", "stepType": "user-choice", "actionType": "user-choice", "authorizer": "", "expiresUnit": "hours", "expiresValue": 43200, "expiresDefault": "no", "expiresValueRaw": 12, "sendMail": false}, {"z": 56, "id": "f430f224-4ee4-4883-baa7-66cb78c9f350", "a_id": "64d64f39d8936d3d7d588de1", "size": {"width": 180, "height": 80}, "type": "devs.Action", "angle": 0, "attrs": {".info": {"text": ""}, ".title": {"text": "Enrichment"}, ".rotatable": {"data-type": "Enrichment"}, ".description": {"text": "Get Entity"}}, "ports": {"items": [{"id": "in", "attrs": {".port-label": {"text": "in"}}, "group": "in"}, {"id": "out", "attrs": {".port-label": {"text": "out"}}, "group": "out"}], "groups": {"in": {"z": 0, "id": "in", "attrs": {"circle": {"r": 15, "fill": "rgba(255,255,255,0.03)", "magnet": "passive", "stroke-width": 0}, ".port-body": {"r": 10, "fill": "#fff", "magnet": true, "stroke": "#000"}, ".port-label": {"fill": "#000"}}, "group": "in", "label": {"markup": "<text />", "position": {"args": {"y": 10}, "name": "top"}}, "markup": "<circle r=\"15\" />", "position": {"args": {"x": "0", "y": "43"}, "name": "left"}}, "out": {"z": 0, "id": "out", "attrs": {"circle": {"r": 15, "fill": "rgba(255,255,255,0.03)", "magnet": "true", "stroke-width": 0}, ".port-body": {"r": 10, "fill": "#fff", "magnet": true, "stroke": "#000"}, ".port-label": {"fill": "#000"}}, "group": "out", "label": {"markup": "<text />", "position": {"args": {"y": 10}, "name": "top"}}, "markup": "<circle r=\"15\" />", "position": {"args": {"x": "180", "y": "43"}, "name": "left"}}}}, "actConf": {"opt_fields": [], "required_fields": [], "optSwitch_fields": []}, "actToDo": "dynamicGetEntity_1", "inPorts": ["in"], "actAsset": "", "outPorts": ["out"], "position": {"x": -90, "y": 54}, "stepType": "action", "actionDesc": "", "actionName": "dynamicGetEntity", "actionType": "Enrichment", "authorizer": "", "breakPoint": false, "actionTitle": " Get Entity ", "actionNameDisplay": "Get Entity", "cartesian_product": true}, {"z": 58, "id": "6e5f8c7c-1608-4d5d-9e12-8b832f5e1ab2", "a_id": "64d64feae1625d402f839596", "size": {"width": 90, "height": 90}, "type": "devs.Condition", "angle": 0, "attrs": {".add": {"ref-y": 48}, ".edit": {"ref-y": 23}, ".main": {"x": 36, "y": -18, "width": 135, "height": 135}, ".delete": {"ref-x": 55, "ref-y": 48}}, "ports": {"items": [{"id": "in", "attrs": {".port-label": {"text": "in"}}, "group": "in"}, {"id": "isVIP?", "attrs": {".port-label": {"text": "isVIP?"}}, "group": "out"}, {"id": "Is Multi User?", "attrs": {".port-label": {"text": "Is Multi User?"}}, "group": "out"}, {"id": "failure", "attrs": {".port-label": {"text": "failure"}}, "group": "out"}], "groups": {"in": {"z": 0, "id": "in", "attrs": {"circle": {"r": 15, "fill": "rgba(255,255,255,0.03)", "magnet": "passive", "stroke-width": 0}, ".port-body": {"r": 10, "fill": "#fff", "magnet": true, "stroke": "#000"}, ".port-label": {"fill": "#000"}}, "group": "in", "label": {"markup": "<text />", "position": {"args": {"y": 10}, "name": "top"}}, "markup": "<circle r=\"15\" />", "position": {"args": {"x": "-10", "y": "43"}, "name": "left"}}, "out": {"z": 0, "id": "out", "attrs": {"circle": {"r": 15, "fill": "rgba(255,255,255,0.03)", "magnet": "true", "stroke-width": 0}, ".port-body": {"r": 10, "fill": "#fff", "magnet": true, "stroke": "#000"}, ".port-label": {"fill": "#000"}}, "group": "out", "label": {"markup": "<text />", "position": {"args": {"y": 10}, "name": "top"}}, "markup": "<circle r=\"15\" />", "position": {"args": {"dr": 0, "dx": -9, "dy": -3, "step": 90, "startAngle": 0, "compensateRotation": false}, "name": "ellipseSpread"}}}}, "inPorts": ["in"], "outPorts": ["isVIP?", "Is Multi User?", "failure"], "position": {"x": 432, "y": 54}, "stepType": "condition", "multiple_conditions": [{"port": "isVIP?", "conditions": [{"elements": {"dx": "EDITED::VIP", "sx": "", "operator": "!contains"}, "logical_operator": "or"}, {"elements": {"dx": "", "sx": "", "operator": "!present"}, "logical_operator": "or"}], "cartesian_product": true}, {"port": "Is Multi User?", "conditions": [{"elements": {"dx": "EDITED::10", "sx": "", "operator": ">="}, "logical_operator": "and"}], "cartesian_product": true}]}, {"z": 70, "id": "8e62a328-29e0-4be9-b2c8-fde70abd5558", "a_id": "64dd0e8fbfe0d2b7c5e18ef7", "size": {"width": 180, "height": 80}, "type": "devs.Action", "angle": 0, "attrs": {".info": {"text": ""}, ".title": {"text": "Custom"}, ".rotatable": {"data-type": "Custom"}, ".description": {"text": "Sleep (5 Mins)"}}, "ports": {"items": [{"id": "in", "attrs": {".port-label": {"text": "in"}}, "group": "in"}, {"id": "out", "attrs": {".port-label": {"text": "out"}}, "group": "out"}], "groups": {"in": {"z": 0, "id": "in", "attrs": {"circle": {"r": 15, "fill": "rgba(255,255,255,0.03)", "magnet": "passive", "stroke-width": 0}, ".port-body": {"r": 10, "fill": "#fff", "magnet": true, "stroke": "#000"}, ".port-label": {"fill": "#000"}}, "group": "in", "label": {"markup": "<text />", "position": {"args": {"y": 10}, "name": "top"}}, "markup": "<circle r=\"15\" />", "position": {"args": {"x": "0", "y": "43"}, "name": "left"}}, "out": {"z": 0, "id": "out", "attrs": {"circle": {"r": 15, "fill": "rgba(255,255,255,0.03)", "magnet": "true", "stroke-width": 0}, ".port-body": {"r": 10, "fill": "#fff", "magnet": true, "stroke": "#000"}, ".port-label": {"fill": "#000"}}, "group": "out", "label": {"markup": "<text />", "position": {"args": {"y": 10}, "name": "top"}}, "markup": "<circle r=\"15\" />", "position": {"args": {"x": "180", "y": "43"}, "name": "left"}}}}, "actConf": {"opt_fields": [], "required_fields": [], "optSwitch_fields": []}, "actToDo": "dynamicSleep_1", "inPorts": ["in"], "actAsset": "", "outPorts": ["out"], "position": {"x": 1368, "y": -126}, "stepType": "action", "actionDesc": "", "actionName": "dynamicSleep", "actionType": "Custom", "authorizer": "", "breakPoint": false, "actionTitle": " Sleep (5 Mins) ", "actionNameDisplay": "Sleep", "cartesian_product": true}, {"z": 76, "id": "646c7d64-0e95-4770-a156-a39c54a911ad", "a_id": "64dd0ff70d88b99260975563", "size": {"width": 180, "height": 80}, "type": "devs.Action", "angle": 0, "attrs": {".info": {"text": ""}, ".title": {"text": "Custom"}, ".rotatable": {"data-type": "Custom"}, ".description": {"text": "Sleep (5 Mins)"}}, "ports": {"items": [{"id": "in", "attrs": {".port-label": {"text": "in"}}, "group": "in"}, {"id": "out", "attrs": {".port-label": {"text": "out"}}, "group": "out"}], "groups": {"in": {"z": 0, "id": "in", "attrs": {"circle": {"r": 15, "fill": "rgba(255,255,255,0.03)", "magnet": "passive", "stroke-width": 0}, ".port-body": {"r": 10, "fill": "#fff", "magnet": true, "stroke": "#000"}, ".port-label": {"fill": "#000"}}, "group": "in", "label": {"markup": "<text />", "position": {"args": {"y": 10}, "name": "top"}}, "markup": "<circle r=\"15\" />", "position": {"args": {"x": "0", "y": "43"}, "name": "left"}}, "out": {"z": 0, "id": "out", "attrs": {"circle": {"r": 15, "fill": "rgba(255,255,255,0.03)", "magnet": "true", "stroke-width": 0}, ".port-body": {"r": 10, "fill": "#fff", "magnet": true, "stroke": "#000"}, ".port-label": {"fill": "#000"}}, "group": "out", "label": {"markup": "<text />", "position": {"args": {"y": 10}, "name": "top"}}, "markup": "<circle r=\"15\" />", "position": {"args": {"x": "180", "y": "43"}, "name": "left"}}}}, "actConf": {"opt_fields": [], "required_fields": [], "optSwitch_fields": []}, "actToDo": "dynamicSleep_1", "inPorts": ["in"], "actAsset": "", "outPorts": ["out"], "position": {"x": 1656, "y": 216}, "stepType": "action", "actionDesc": "", "actionName": "dynamicSleep", "actionType": "Custom", "authorizer": "", "breakPoint": false, "actionTitle": " Sleep (5 Mins) ", "actionNameDisplay": "Sleep", "cartesian_product": true}, {"z": 79, "id": "8aa1115f-693d-4ded-a032-3904598891ad", "a_id": "64dd15995fcdb5251e0b88d8", "size": {"width": 180, "height": 80}, "type": "devs.Action", "angle": 0, "attrs": {".info": {"text": ""}, ".title": {"text": "Notification"}, ".rotatable": {"data-type": "Notification"}, ".description": {"text": "PagerDuty: Create New\r\nIncident"}}, "ports": {"items": [{"id": "in", "attrs": {".port-label": {"text": "in"}}, "group": "in"}, {"id": "out", "attrs": {".port-label": {"text": "out"}}, "group": "out"}], "groups": {"in": {"z": 0, "id": "in", "attrs": {"circle": {"r": 15, "fill": "rgba(255,255,255,0.03)", "magnet": "passive", "stroke-width": 0}, ".port-body": {"r": 10, "fill": "#fff", "magnet": true, "stroke": "#000"}, ".port-label": {"fill": "#000"}}, "group": "in", "label": {"markup": "<text />", "position": {"args": {"y": 10}, "name": "top"}}, "markup": "<circle r=\"15\" />", "position": {"args": {"x": "0", "y": "43"}, "name": "left"}}, "out": {"z": 0, "id": "out", "attrs": {"circle": {"r": 15, "fill": "rgba(255,255,255,0.03)", "magnet": "true", "stroke-width": 0}, ".port-body": {"r": 10, "fill": "#fff", "magnet": true, "stroke": "#000"}, ".port-label": {"fill": "#000"}}, "group": "out", "label": {"markup": "<text />", "position": {"args": {"y": 10}, "name": "top"}}, "markup": "<circle r=\"15\" />", "position": {"args": {"x": "180", "y": "43"}, "name": "left"}}}}, "actConf": {"opt_fields": [], "required_fields": [], "optSwitch_fields": []}, "actToDo": "dynamicCreateNewIncident_1", "inPorts": ["in"], "actAsset": "", "outPorts": ["out"], "position": {"x": 648, "y": 180}, "stepType": "action", "actionDesc": "", "actionName": "dynamicCreateNewIncident", "actionType": "Notification", "authorizer": "", "breakPoint": false, "actionTitle": " PagerDuty: Create New Incident ", "actionNameDisplay": "Create New Incident", "cartesian_product": true}, {"z": 83, "id": "976ec39c-9035-4453-be48-2de8c62556f9", "a_id": "64dd338f0d88b99260975569", "size": {"width": 180, "height": 80}, "type": "devs.Action", "angle": 0, "attrs": {".info": {"text": ""}, ".title": {"text": "Enrichment"}, ".rotatable": {"data-type": "Enrichment"}, ".description": {"text": "Get Insight Details"}}, "ports": {"items": [{"id": "in", "attrs": {".port-label": {"text": "in"}}, "group": "in"}, {"id": "out", "attrs": {".port-label": {"text": "out"}}, "group": "out"}], "groups": {"in": {"z": 0, "id": "in", "attrs": {"circle": {"r": 15, "fill": "rgba(255,255,255,0.03)", "magnet": "passive", "stroke-width": 0}, ".port-body": {"r": 10, "fill": "#fff", "magnet": true, "stroke": "#000"}, ".port-label": {"fill": "#000"}}, "group": "in", "label": {"markup": "<text />", "position": {"args": {"y": 10}, "name": "top"}}, "markup": "<circle r=\"15\" />", "position": {"args": {"x": "0", "y": "43"}, "name": "left"}}, "out": {"z": 0, "id": "out", "attrs": {"circle": {"r": 15, "fill": "rgba(255,255,255,0.03)", "magnet": "true", "stroke-width": 0}, ".port-body": {"r": 10, "fill": "#fff", "magnet": true, "stroke": "#000"}, ".port-label": {"fill": "#000"}}, "group": "out", "label": {"markup": "<text />", "position": {"args": {"y": 10}, "name": "top"}}, "markup": "<circle r=\"15\" />", "position": {"args": {"x": "180", "y": "43"}, "name": "left"}}}}, "actConf": {"opt_fields": [], "required_fields": [], "optSwitch_fields": []}, "actToDo": "dynamicGetInsightV2_1", "inPorts": ["in"], "actAsset": "", "outPorts": ["out"], "position": {"x": -1026, "y": 162}, "stepType": "action", "actionDesc": "", "actionName": "dynamicGetInsightV2", "actionType": "Enrichment", "authorizer": "", "breakPoint": false, "actionTitle": " Get Insight Details ", "actionNameDisplay": "Get Insight V2", "cartesian_product": true}, {"z": 86, "id": "6b5bf247-a7e5-4f25-ab4f-a594dbb63b67", "a_id": "64df78759a9cbf118455e5a2", "size": {"width": 180, "height": 80}, "type": "devs.Action", "angle": 0, "attrs": {".info": {"text": ""}, ".title": {"text": "Enrichment"}, ".rotatable": {"data-type": "Enrichment"}, ".description": {"text": "List Entities"}}, "ports": {"items": [{"id": "in", "attrs": {".port-label": {"text": "in"}}, "group": "in"}, {"id": "out", "attrs": {".port-label": {"text": "out"}}, "group": "out"}], "groups": {"in": {"z": 0, "id": "in", "attrs": {"circle": {"r": 15, "fill": "rgba(255,255,255,0.03)", "magnet": "passive", "stroke-width": 0}, ".port-body": {"r": 10, "fill": "#fff", "magnet": true, "stroke": "#000"}, ".port-label": {"fill": "#000"}}, "group": "in", "label": {"markup": "<text />", "position": {"args": {"y": 10}, "name": "top"}}, "markup": "<circle r=\"15\" />", "position": {"args": {"x": "0", "y": "43"}, "name": "left"}}, "out": {"z": 0, "id": "out", "attrs": {"circle": {"r": 15, "fill": "rgba(255,255,255,0.03)", "magnet": "true", "stroke-width": 0}, ".port-body": {"r": 10, "fill": "#fff", "magnet": true, "stroke": "#000"}, ".port-label": {"fill": "#000"}}, "group": "out", "label": {"markup": "<text />", "position": {"args": {"y": 10}, "name": "top"}}, "markup": "<circle r=\"15\" />", "position": {"args": {"x": "180", "y": "43"}, "name": "left"}}}}, "actConf": {"opt_fields": [], "required_fields": [], "optSwitch_fields": []}, "actToDo": "dynamicListEntities_1", "inPorts": ["in"], "actAsset": "", "outPorts": ["out"], "position": {"x": -774, "y": 72}, "stepType": "action", "actionDesc": "", "actionName": "dynamicListEntities", "actionType": "Enrichment", "authorizer": "", "breakPoint": false, "actionTitle": " List Entities ", "actionNameDisplay": "List Entities", "cartesian_product": true}, {"z": 89, "id": "127f536b-d643-4726-9a5f-f495f70f5aa2", "a_id": "64e3ab179a9cbf118455e5be", "size": {"width": 180, "height": 80}, "type": "devs.Action", "angle": 0, "attrs": {".info": {"text": ""}, ".title": {"text": "Custom"}, ".rotatable": {"data-type": "Custom"}, ".description": {"text": "Count List"}}, "ports": {"items": [{"id": "in", "attrs": {".port-label": {"text": "in"}}, "group": "in"}, {"id": "out", "attrs": {".port-label": {"text": "out"}}, "group": "out"}], "groups": {"in": {"z": 0, "id": "in", "attrs": {"circle": {"r": 15, "fill": "rgba(255,255,255,0.03)", "magnet": "passive", "stroke-width": 0}, ".port-body": {"r": 10, "fill": "#fff", "magnet": true, "stroke": "#000"}, ".port-label": {"fill": "#000"}}, "group": "in", "label": {"markup": "<text />", "position": {"args": {"y": 10}, "name": "top"}}, "markup": "<circle r=\"15\" />", "position": {"args": {"x": "0", "y": "43"}, "name": "left"}}, "out": {"z": 0, "id": "out", "attrs": {"circle": {"r": 15, "fill": "rgba(255,255,255,0.03)", "magnet": "true", "stroke-width": 0}, ".port-body": {"r": 10, "fill": "#fff", "magnet": true, "stroke": "#000"}, ".port-label": {"fill": "#000"}}, "group": "out", "label": {"markup": "<text />", "position": {"args": {"y": 10}, "name": "top"}}, "markup": "<circle r=\"15\" />", "position": {"args": {"x": "180", "y": "43"}, "name": "left"}}}}, "actConf": {"opt_fields": [], "required_fields": [], "optSwitch_fields": []}, "actToDo": "dynamicDataTransform_1", "inPorts": ["in"], "actAsset": "", "outPorts": ["out"], "position": {"x": 162, "y": 54}, "stepType": "action", "actionDesc": "", "actionName": "dynamicDataTransform", "actionType": "Custom", "authorizer": "", "breakPoint": false, "actionTitle": " Count List ", "actionNameDisplay": "Data Transform", "cartesian_product": true}, {"z": 94, "id": "7f85ef7a-2af5-4bb4-ba81-0ffac7e89a5a", "a_id": "64e3ac7774395ba916ff14f5", "desc": "<p>More than 10 users are associated with this phishing alert. Please manually investigate.</p>", "size": {"width": 180, "height": 80}, "type": "devs.Action", "angle": 0, "attrs": {".info": {"text": ""}, ".title": {"text": "Task"}, ".rotatable": {"data-type": "Task"}, ".description": {"text": "10+ User Phish"}}, "ports": {"items": [{"id": "in", "attrs": {".port-label": {"text": "in"}}, "group": "in"}, {"id": "out", "attrs": {".port-label": {"text": "out"}}, "group": "out"}], "groups": {"in": {"z": 0, "id": "in", "attrs": {"circle": {"r": 15, "fill": "rgba(255,255,255,0.03)", "magnet": "passive", "stroke-width": 0}, ".port-body": {"r": 10, "fill": "#fff", "magnet": true, "stroke": "#000"}, ".port-label": {"fill": "#000"}}, "group": "in", "label": {"markup": "<text />", "position": {"args": {"y": 10}, "name": "top"}}, "markup": "<circle r=\"15\" />", "position": {"args": {"x": "0", "y": "43"}, "name": "left"}}, "out": {"z": 0, "id": "out", "attrs": {"circle": {"r": 15, "fill": "rgba(255,255,255,0.03)", "magnet": "true", "stroke-width": 0}, ".port-body": {"r": 10, "fill": "#fff", "magnet": true, "stroke": "#000"}, ".port-label": {"fill": "#000"}}, "group": "out", "label": {"markup": "<text />", "position": {"args": {"y": 10}, "name": "top"}}, "markup": "<circle r=\"15\" />", "position": {"args": {"x": "180", "y": "43"}, "name": "left"}}}}, "title": " 10+ User Phish ", "dueDate": 1, "inPorts": ["in"], "outPorts": ["out"], "position": {"x": 792, "y": 54}, "stepType": "action", "mandatory": false, "actionName": "task", "actionType": "Task", "customFields": {"hours": 10, "priority": 11808, "percentage": 1124}, "is_automatic": 0}], "mail_on_error": {}, "previewImage": null, "parent_revision_id": null, "type": 13516, "created_by": 95, "nested": false, "type_label": "Phishing"}}]